Question,Answer,flag,username,timestamp
,,,,2023-09-16 13:44:13.140902
讲一下射雕英雄传中有名的比武的情节？,讲一下射雕英雄传中有名的比武的情节？例如，欧阳锋、南帝段智兴、北丐洪七公和中神通周伯通，他们五人被称为“五绝”。在第六场，《神雕侠侣》大胜关英雄会中，参与的武林英雄则包括全真七子、金轮法王、杨过、小龙女、郭靖、黄蓉、南帝门人、丐帮和各种武林人物等，可以说是一场武林盛会。,,,2023-09-16 17:34:28.098030
介绍一下小龙女和杨过的关系和故事。,在《神雕侠侣》中，杨过和小龙女的爱情发展，过上了神仙眷侣的生活。他们一起击败了金轮寺的国师及其势力，保护了襄阳城免遭攻击。他们还化解了武林中的许多纷争，如英雄大会上的一场混战等等。这些冒险增混战不仅考验了他们的武功和智慧，也加深了他们之间的感情。,,,2023-09-16 21:39:15.286496
介绍一下小龙女和杨过的关系和故事。,在《神雕侠侣》中，杨过和小龙女经历了许多冒险和挑战。他们一起击败了金轮寺的国师及其势力，保护了襄阳城免遭攻击。他们还化解了武林中的许多纷争，如英雄大会上的一场混战等等。这些冒险境时，王罕父都为了保护虎和挑战不仅考验了他们的武功和智慧，在蒙古继承了他们的襄阳城保卫战中救了郭靖和黄蓉，最终成为了中原大地上最受尊敬的英雄之一。,,,2023-09-16 21:39:24.664858
介绍一下《天龙八部》的主角。,《天龙八部》中有许多主要角色，其中包括段誉、虚竹、乔峰、王语嫣、阿朱、阿紫等，可以说是一是玩国王爷看家本色。段誉和虚竹在风云际会中相识、相知、相异、相助，同时围绕在他们父辈之间的恩怨情仇以及他们与红颜知已的爱恨分离，形成了《天龙八部》的主要情节。,,,2023-09-17 13:01:36.717351
